created_at,id,id_str,full_text,truncated,display_text_range,entities,metadata,source,in_reply_to_status_id,in_reply_to_status_id_str,in_reply_to_user_id,in_reply_to_user_id_str,in_reply_to_screen_name,geo,coordinates,place,contributors,is_quote_status,retweet_count,favorite_count,favorited,retweeted,lang,quoted_status_id,quoted_status_id_str,quoted_status,possibly_sensitive,text,favorited_by,scopes,display_text_width,retweeted_status,quoted_status_permalink,quote_count,timestamp_ms,reply_count,filter_level,query,withheld_scope,withheld_copyright,withheld_in_countries,possibly_sensitive_appealable
2022-11-27T09:57:47Z,1596805474787397600,1596805474787397633,Now canidates are getting ready for USA Capitalist 2024 elections. The Capitalist dictator will be picked from 'DemoRepub's' of Capitalist Party. It will be hailed as democratic election of Free World.,FALSE,201,,,"<a href=""http://twitter.com/download/android"" rel=""nofollow"">Twitter for Android</a>",NA,NA,NA,NA,NA,,,,NA,FALSE,0,1,FALSE,FALSE,en,NA,NA,,NA,Now canidates are getting ready for USA Capitalist 2024 elections. The Capitalist dictator will be picked from 'DemoRepub's' of Capitalist Party. It will be hailed as democratic election of Free World.,NA,NA,NA,NA,NA,NA,NA,NA,NA,NA,NA,NA,NA,NA
2022-11-27T02:44:33Z,1.5966964513749279e+18,1596696451374927873,"I'm not. DeSantis is better than Trump in every way. DeSantis is much younger, less abrasive, and a better politician than Trump.

Trump will be 78 in 2024.

If Trump loses in 2024, he'll just say that the election was stolen. https://t.co/IHAFkFswg0",FALSE,226,,,"<a href=""https://mobile.twitter.com"" rel=""nofollow"">Twitter Web App</a>",NA,NA,NA,NA,NA,,,,NA,TRUE,1,1,FALSE,FALSE,en,1592882668475420700,1592882668475420675,,FALSE,"I'm not. DeSantis is better than Trump in every way. DeSantis is much younger, less abrasive, and a better politician than Trump.

Trump will be 78 in 2024.

If Trump loses in 2024, he'll just say that the election was stolen. https://t.co/IHAFkFswg0",NA,NA,NA,NA,NA,NA,NA,NA,NA,NA,NA,NA,NA,NA
2022-11-27T01:56:55Z,1596684463848710100,1596684463848710152,The USA 2024 presidential election is gonna have 4 candidates https://t.co/C1SqUavYeh,FALSE,61,,,"<a href=""http://twitter.com/download/iphone"" rel=""nofollow"">Twitter for iPhone</a>",NA,NA,NA,NA,NA,,,,NA,FALSE,0,0,FALSE,FALSE,en,NA,NA,,FALSE,The USA 2024 presidential election is gonna have 4 candidates https://t.co/C1SqUavYeh,NA,NA,NA,NA,NA,NA,NA,NA,NA,NA,NA,NA,NA,NA
2022-11-27T01:37:06Z,1596679473608675300,1596679473608675328,Hmmm... Not good for the USA if the ruling party will lose in 2024 presidential elections as well. https://t.co/IWJlaMU3em,FALSE,122,,,"<a href=""http://twitter.com/download/android"" rel=""nofollow"">Twitter for Android</a>",NA,NA,NA,NA,NA,,,,NA,FALSE,0,4,FALSE,FALSE,en,NA,NA,,FALSE,Hmmm... Not good for the USA if the ruling party will lose in 2024 presidential elections as well. https://t.co/IWJlaMU3em,NA,NA,NA,NA,NA,NA,NA,NA,NA,NA,NA,NA,NA,NA
2022-11-26T21:55:50Z,1596623792339439600,1596623792339439616,Just here to predict USA‚Äôs 2024 summer riots leading up to the election.,FALSE,72,,,"<a href=""http://twitter.com/download/iphone"" rel=""nofollow"">Twitter for iPhone</a>",NA,NA,NA,NA,NA,,,,NA,FALSE,0,0,FALSE,FALSE,en,NA,NA,,NA,Just here to predict USA‚Äôs 2024 summer riots leading up to the election.,NA,NA,NA,NA,NA,NA,NA,NA,NA,NA,NA,NA,NA,NA
2022-11-26T16:31:20Z,1596542128703901700,1596542128703901703,"Elon Musk says he would support Ron DeSantis in 2024
Source : Washington Post
https://t.co/ybojsvjEVi",FALSE,101,,,"<a href=""http://www.powerapps.com"" rel=""nofollow"">Microsoft Power Platform</a>",NA,NA,NA,NA,NA,,,,NA,FALSE,0,0,FALSE,FALSE,en,NA,NA,,FALSE,"Elon Musk says he would support Ron DeSantis in 2024
Source : Washington Post
https://t.co/ybojsvjEVi",NA,NA,NA,NA,NA,NA,NA,NA,NA,NA,NA,NA,NA,NA
2022-11-26T16:31:20Z,1596542128389521400,1596542128389521408,"Elon Musk says he would support Ron DeSantis in 2024
Source : Washington Post
https://t.co/ybojsvkcKQ",FALSE,101,,,"<a href=""http://www.powerapps.com"" rel=""nofollow"">Microsoft Power Platform</a>",NA,NA,NA,NA,NA,,,,NA,FALSE,0,0,FALSE,FALSE,en,NA,NA,,FALSE,"Elon Musk says he would support Ron DeSantis in 2024
Source : Washington Post
https://t.co/ybojsvkcKQ",NA,NA,NA,NA,NA,NA,NA,NA,NA,NA,NA,NA,NA,NA
2022-11-26T16:03:06Z,1596535025201139700,1596535025201139712,"Newsom won't challenge Biden in 2024, says he is 'all in' on president's re-election
#123INFO
https://t.co/bwzNKXMmsL",FALSE,117,,,"<a href=""http://www.powerapps.com"" rel=""nofollow"">Microsoft Power Platform</a>",NA,NA,NA,NA,NA,,,,NA,FALSE,0,0,FALSE,FALSE,en,NA,NA,,FALSE,"Newsom won't challenge Biden in 2024, says he is 'all in' on president's re-election
#123INFO
https://t.co/bwzNKXMmsL",NA,NA,NA,NA,NA,NA,NA,NA,NA,NA,NA,NA,NA,NA
2022-11-26T15:28:54Z,1596526417939873800,1596526417939873792,I'm raising money for 2024 General Election USA. Click to Donate https://t.co/QzLz8ru9XZ since @USSupremeCourt @librarycongress @congress wants to treat children like commerce. he's in my shopping cart @AMarch4OurLives @yuma_mcas @cityofyuma @PHXFire @jontheengineer @Pontifex @UN https://t.co/Veii1ZGLWl,FALSE,280,,,"<a href=""http://twitter.com/download/iphone"" rel=""nofollow"">Twitter for iPhone</a>",NA,NA,NA,NA,NA,,,,NA,FALSE,0,0,FALSE,FALSE,en,NA,NA,,FALSE,I'm raising money for 2024 General Election USA. Click to Donate https://t.co/QzLz8ru9XZ since @USSupremeCourt @librarycongress @congress wants to treat children like commerce. he's in my shopping cart @AMarch4OurLives @yuma_mcas @cityofyuma @PHXFire @jontheengineer @Pontifex @UN https://t.co/Veii1ZGLWl,NA,NA,NA,NA,NA,NA,NA,NA,NA,NA,NA,NA,NA,NA
2022-11-26T13:19:31Z,1596493855561781200,1596493855561781249,"@GovRonDeSantis can save the #USA. Trump, was great Prez is done‚Ä¶his own fault. 2 yrs obsessed w stolen election, complicit Capitol Riots &amp; recent comments @GlennYoungkin &amp; DeSantis. HE IS TOAST. @GOPLeader @SenateGOP @GOP #GOP got this 2024 @elonmusk",FALSE,259,,,"<a href=""http://twitter.com/#!/download/ipad"" rel=""nofollow"">Twitter for iPad</a>",NA,NA,1058807868,1058807868,GovRonDeSantis,,,,NA,FALSE,0,0,FALSE,FALSE,en,NA,NA,,NA,"@GovRonDeSantis can save the #USA. Trump, was great Prez is done‚Ä¶his own fault. 2 yrs obsessed w stolen election, complicit Capitol Riots &amp; recent comments @GlennYoungkin &amp; DeSantis. HE IS TOAST. @GOPLeader @SenateGOP @GOP #GOP got this 2024 @elonmusk",NA,NA,NA,NA,NA,NA,NA,NA,NA,NA,NA,NA,NA,NA
2022-11-26T11:31:50Z,1596466755261857800,1596466755261857794,.#MaricopaCounty 2024 Election Volunteer team shirts. https://t.co/EhOBXuC6ug,FALSE,53,,,"<a href=""http://twitter.com/download/android"" rel=""nofollow"">Twitter for Android</a>",NA,NA,NA,NA,NA,,,,NA,FALSE,0,1,FALSE,FALSE,en,NA,NA,,TRUE,.#MaricopaCounty 2024 Election Volunteer team shirts. https://t.co/EhOBXuC6ug,NA,NA,NA,NA,NA,NA,NA,NA,NA,NA,NA,NA,NA,NA
2022-11-26T08:00:12Z,1596413496308236300,1596413496308236295,#Factbox: Who could run in the #2024 #USA presidential election? https://t.co/h7B4Osj32c,FALSE,88,,,"<a href=""http://publicize.wp.com/"" rel=""nofollow"">WordPress.com</a>",NA,NA,NA,NA,NA,,,,NA,FALSE,0,0,FALSE,FALSE,en,NA,NA,,FALSE,#Factbox: Who could run in the #2024 #USA presidential election? https://t.co/h7B4Osj32c,NA,NA,NA,NA,NA,NA,NA,NA,NA,NA,NA,NA,NA,NA
2022-11-25T19:44:27Z,1596228341501427700,1596228341501427713,"@JackieMeek6 Everything Sunak does winds me up. It feels like they want to deliberately lose the 2024 general election.

The CCP must be laughing themselves silly at this.

And just two years ago the UK/USA/Australia signed a defence pact directed at PRC.",FALSE,255,,,"<a href=""https://mobile.twitter.com"" rel=""nofollow"">Twitter Web App</a>",1596179705618645e3,1596179705618644996,1251752192417071e3,1251752192417071104,JackieMeek6,,,,NA,FALSE,0,1,FALSE,FALSE,en,NA,NA,,NA,"@JackieMeek6 Everything Sunak does winds me up. It feels like they want to deliberately lose the 2024 general election.

The CCP must be laughing themselves silly at this.

And just two years ago the UK/USA/Australia signed a defence pact directed at PRC.",NA,NA,NA,NA,NA,NA,NA,NA,NA,NA,NA,NA,NA,NA
2022-11-25T18:46:40Z,1596213797949427700,1596213797949427712,"‚ÄúThe next World Cup will take place in three democratic countries (USA, Canada, and Mexico).‚Äù

Let‚Äôs not celebrate too early and wait for the 2024 election results. ‚òùÔ∏è#FIFAWorldCup2022 #USAvENG",FALSE,193,,,"<a href=""http://twitter.com/download/iphone"" rel=""nofollow"">Twitter for iPhone</a>",NA,NA,NA,NA,NA,,,,NA,FALSE,0,0,FALSE,FALSE,en,NA,NA,,NA,"‚ÄúThe next World Cup will take place in three democratic countries (USA, Canada, and Mexico).‚Äù

Let‚Äôs not celebrate too early and wait for the 2024 election results. ‚òùÔ∏è#FIFAWorldCup2022 #USAvENG",NA,NA,NA,NA,NA,NA,NA,NA,NA,NA,NA,NA,NA,NA
2022-11-25T17:35:49Z,1596195967833084e3,1596195967833083904,If u know kim kardashian cheated on kanye west and rumours say that kanye is standing for 2024 presidential election so if he becomes president is he going to ban kim from USA what do u think ü§î,FALSE,193,,,"<a href=""http://twitter.com/download/android"" rel=""nofollow"">Twitter for Android</a>",NA,NA,NA,NA,NA,,,,NA,FALSE,0,2,FALSE,FALSE,en,NA,NA,,NA,If u know kim kardashian cheated on kanye west and rumours say that kanye is standing for 2024 presidential election so if he becomes president is he going to ban kim from USA what do u think ü§î,NA,NA,NA,NA,NA,NA,NA,NA,NA,NA,NA,NA,NA,NA
2022-11-25T16:28:10Z,1596178944721653800,1596178944721653768,"Top 3 liabilities in history of BetOnline for a single market:

1. Trump to win 2020 Election
2. USA to win the 2024 World Cup
3. Conor McGregor to beat Floyd Mayweather

Team USA currently pays out at 120-1.

Odds&gt; https://t.co/5nwFAnZ3vh https://t.co/rSFQkdupwq",FALSE,242,,,"<a href=""https://mobile.twitter.com"" rel=""nofollow"">Twitter Web App</a>",NA,NA,NA,NA,NA,,,,NA,FALSE,4,11,FALSE,FALSE,en,NA,NA,,FALSE,"Top 3 liabilities in history of BetOnline for a single market:

1. Trump to win 2020 Election
2. USA to win the 2024 World Cup
3. Conor McGregor to beat Floyd Mayweather

Team USA currently pays out at 120-1.

Odds&gt; https://t.co/5nwFAnZ3vh https://t.co/rSFQkdupwq",NA,NA,NA,NA,NA,NA,NA,NA,NA,NA,NA,NA,NA,NA
2022-11-25T14:43:08Z,1596152509827256300,1596152509827256325,"@francis_scarr They key in on 2024, are they hoping Republicans win the usa presidential election??",FALSE,99,,,"<a href=""http://twitter.com/download/android"" rel=""nofollow"">Twitter for Android</a>",1596052820444479500,1596052820444479488,824325992827252700,824325992827252736,francis_scarr,,,,NA,FALSE,0,0,FALSE,FALSE,en,NA,NA,,NA,"@francis_scarr They key in on 2024, are they hoping Republicans win the usa presidential election??",NA,NA,NA,NA,NA,NA,NA,NA,NA,NA,NA,NA,NA,NA
2022-11-25T12:33:03Z,1596119774483955700,1596119774483955712,Usa looking real foolish right now..2024 election season will be a show...embarrassing. https://t.co/sznSBXqsOJ,FALSE,87,,,"<a href=""http://twitter.com/download/android"" rel=""nofollow"">Twitter for Android</a>",NA,NA,NA,NA,NA,,,,NA,FALSE,0,0,FALSE,FALSE,en,NA,NA,,FALSE,Usa looking real foolish right now..2024 election season will be a show...embarrassing. https://t.co/sznSBXqsOJ,NA,NA,NA,NA,NA,NA,NA,NA,NA,NA,NA,NA,NA,NA
2022-11-25T09:08:27Z,1596068287669993500,1596068287669993473,"14. Senator #LindseyGraham (#RepublicanParty )  - #USA is ahead of destruction - #Clairvoyant/#Psychic #predictions November 1, 2022 - by Clairvoyant House ‚ÄúDimitrinka Staikova and daughters Stoyanka and Ivelina Staikova ‚Äú 
#GOP #2024Election #politics https://t.co/kS7uo5cJv1",FALSE,276,,,"<a href=""http://www.linkedin.com/"" rel=""nofollow"">LinkedIn</a>",NA,NA,NA,NA,NA,,,,NA,FALSE,1,2,FALSE,FALSE,en,NA,NA,,FALSE,"14. Senator #LindseyGraham (#RepublicanParty )  - #USA is ahead of destruction - #Clairvoyant/#Psychic #predictions November 1, 2022 - by Clairvoyant House ‚ÄúDimitrinka Staikova and daughters Stoyanka and Ivelina Staikova ‚Äú 
#GOP #2024Election #politics https://t.co/kS7uo5cJv1",NA,NA,NA,NA,NA,NA,NA,NA,NA,NA,NA,NA,NA,NA
2022-11-25T09:07:00Z,1596067919737364500,1596067919737364480,"14. Senator #LindseyGraham (#RepublicanParty )  - #USA is ahead of destruction - #Clairvoyant/#Psychic #predictions November 1, 2022 - by Clairvoyant House ‚ÄúDimitrinka Staikova and daughters Stoyanka and Ivelina Staikova ‚Äú 
#GOP #2024Election #politics 

https://t.co/EWRMkomVHh",FALSE,278,,,"<a href=""http://twitter.com/download/iphone"" rel=""nofollow"">Twitter for iPhone</a>",NA,NA,NA,NA,NA,,,,NA,FALSE,0,1,FALSE,FALSE,en,NA,NA,,FALSE,"14. Senator #LindseyGraham (#RepublicanParty )  - #USA is ahead of destruction - #Clairvoyant/#Psychic #predictions November 1, 2022 - by Clairvoyant House ‚ÄúDimitrinka Staikova and daughters Stoyanka and Ivelina Staikova ‚Äú 
#GOP #2024Election #politics 

https://t.co/EWRMkomVHh",NA,NA,NA,NA,NA,NA,NA,NA,NA,NA,NA,NA,NA,NA
2022-11-25T09:06:46Z,1596067860203315200,1596067860203315200,"14. Senator #LindseyGraham (#RepublicanParty )  - #USA is ahead of destruction - #Clairvoyant/#Psychic #predictions November 1, 2022 - by Clairvoyant House ‚ÄúDimitrinka Staikova and daughters Stoyanka and Ivelina Staikova ‚Äú 
#GOP #2024Election #politics 

https://t.co/VaYI6KAUaX",FALSE,278,,,"<a href=""http://twitter.com/download/iphone"" rel=""nofollow"">Twitter for iPhone</a>",NA,NA,NA,NA,NA,,,,NA,FALSE,0,1,FALSE,FALSE,en,NA,NA,,FALSE,"14. Senator #LindseyGraham (#RepublicanParty )  - #USA is ahead of destruction - #Clairvoyant/#Psychic #predictions November 1, 2022 - by Clairvoyant House ‚ÄúDimitrinka Staikova and daughters Stoyanka and Ivelina Staikova ‚Äú 
#GOP #2024Election #politics 

https://t.co/VaYI6KAUaX",NA,NA,NA,NA,NA,NA,NA,NA,NA,NA,NA,NA,NA,NA
2022-11-25T09:06:29Z,1596067790724669400,1596067790724669440,"14. Senator #LindseyGraham (#RepublicanParty )  - #USA is ahead of destruction - #Clairvoyant/#Psychic #predictions November 1, 2022 - by Clairvoyant House ‚ÄúDimitrinka Staikova and daughters Stoyanka and Ivelina Staikova ‚Äú 
#GOP #2024Election #politics 

https://t.co/XivJAral0X",FALSE,278,,,"<a href=""http://twitter.com/download/iphone"" rel=""nofollow"">Twitter for iPhone</a>",NA,NA,NA,NA,NA,,,,NA,FALSE,1,2,FALSE,FALSE,en,NA,NA,,FALSE,"14. Senator #LindseyGraham (#RepublicanParty )  - #USA is ahead of destruction - #Clairvoyant/#Psychic #predictions November 1, 2022 - by Clairvoyant House ‚ÄúDimitrinka Staikova and daughters Stoyanka and Ivelina Staikova ‚Äú 
#GOP #2024Election #politics 

https://t.co/XivJAral0X",NA,NA,NA,NA,NA,NA,NA,NA,NA,NA,NA,NA,NA,NA
2022-11-24T23:42:10Z,1595925776842498e3,1595925776842498049,"10%  OFF ENTIRE STORE! FREE SHIPPING!

Gray  Donald Trump ""Coming Soon- Trump 2024"" Hoodie Hooded Sweatshirt https://t.co/wo3c7NO0ME #pullover #donald #trump #hoodie #sweat #shirt #election #usa #maga https://t.co/DdSUkqgTNW",FALSE,200,,,"<a href=""http://www.etsy.com"" rel=""nofollow"">Etsy</a>",NA,NA,NA,NA,NA,,,,NA,FALSE,0,0,FALSE,FALSE,en,NA,NA,,FALSE,"10%  OFF ENTIRE STORE! FREE SHIPPING!

Gray  Donald Trump ""Coming Soon- Trump 2024"" Hoodie Hooded Sweatshirt https://t.co/wo3c7NO0ME #pullover #donald #trump #hoodie #sweat #shirt #election #usa #maga https://t.co/DdSUkqgTNW",NA,NA,NA,NA,NA,NA,NA,NA,NA,NA,NA,NA,NA,NA
2022-11-24T18:51:57Z,1595852739510407200,1595852739510407173,"Jeffrey Archer warns 'don't underestimate' Trump as he questions DeSantis's chances to win
https://t.co/5dZBm1nEcu",FALSE,114,,,"<a href=""https://about.twitter.com/products/tweetdeck"" rel=""nofollow"">TweetDeck</a>",NA,NA,NA,NA,NA,,,,NA,FALSE,1,1,FALSE,FALSE,en,NA,NA,,FALSE,"Jeffrey Archer warns 'don't underestimate' Trump as he questions DeSantis's chances to win
https://t.co/5dZBm1nEcu",NA,NA,NA,NA,NA,NA,NA,NA,NA,NA,NA,NA,NA,NA
2022-11-24T17:26:40Z,1595831277500141600,1595831277500141573,"All my investigations reports &amp; photos as per earlier tweets to public in FB, twitter, Instagram, other online media &amp; press in India &amp; USA &amp;world will have a huge impact on India loksabha election 2024 &amp; USA presidential elections 2024 so lots of voilance can happen around world",FALSE,300,,,"<a href=""https://mobile.twitter.com"" rel=""nofollow"">Twitter Web App</a>",1595831273809129500,1595831273809129473,1575099505405399e3,1575099505405399040,Shashikirannew,,,,NA,FALSE,0,0,FALSE,FALSE,en,NA,NA,,NA,"All my investigations reports &amp; photos as per earlier tweets to public in FB, twitter, Instagram, other online media &amp; press in India &amp; USA &amp;world will have a huge impact on India loksabha election 2024 &amp; USA presidential elections 2024 so lots of voilance can happen around world",NA,NA,NA,NA,NA,NA,NA,NA,NA,NA,NA,NA,NA,NA
2022-11-24T13:15:12Z,1595767996466733e3,1595767996466733064,@MuskUniversity @elonmusk BreakingNews: Elon Musk announces he will run for the United States Presidential Election of 2024 under the banner of the Tesla Party. If he succeeds he would be the first person to be both President of the USA and President of the Deep State jointly.,FALSE,277,,,"<a href=""https://mobile.twitter.com"" rel=""nofollow"">Twitter Web App</a>",1595594386221707300,1595594386221707264,1495956968640422e3,1495956968640421893,MuskUniversity,,,,NA,FALSE,0,0,FALSE,FALSE,en,NA,NA,,NA,@MuskUniversity @elonmusk BreakingNews: Elon Musk announces he will run for the United States Presidential Election of 2024 under the banner of the Tesla Party. If he succeeds he would be the first person to be both President of the USA and President of the Deep State jointly.,NA,NA,NA,NA,NA,NA,NA,NA,NA,NA,NA,NA,NA,NA
2022-11-24T13:10:41Z,1595766859520802800,1595766859520802817,"Dearest Trump Family - 
Wishing you a most Happy, Holy, &amp; Blessed Thanksgiving as you surround yourselves with family &amp; friends.

In Thanksgiving for all of you; May God's Blessings &amp; Wisdom be upon all of you as you prepare to win the USA 2024 Presidential election! https://t.co/cM3Du8jKxB",FALSE,279,,,"<a href=""http://twitter.com/download/android"" rel=""nofollow"">Twitter for Android</a>",NA,NA,NA,NA,NA,,,,NA,FALSE,0,0,FALSE,FALSE,en,NA,NA,,FALSE,"Dearest Trump Family - 
Wishing you a most Happy, Holy, &amp; Blessed Thanksgiving as you surround yourselves with family &amp; friends.

In Thanksgiving for all of you; May God's Blessings &amp; Wisdom be upon all of you as you prepare to win the USA 2024 Presidential election! https://t.co/cM3Du8jKxB",NA,NA,NA,NA,NA,NA,NA,NA,NA,NA,NA,NA,NA,NA
2022-11-24T07:44:39Z,1595684809543745500,1595684809543745540,"#Trump announces his run for presidency in 2024.

#USA #election #2024 #President #TrumpAnnouncement
https://t.co/dHPbKcBdop",FALSE,124,,,"<a href=""https://about.twitter.com/products/tweetdeck"" rel=""nofollow"">TweetDeck</a>",NA,NA,NA,NA,NA,,,,NA,FALSE,0,0,FALSE,FALSE,en,NA,NA,,FALSE,"#Trump announces his run for presidency in 2024.

#USA #election #2024 #President #TrumpAnnouncement
https://t.co/dHPbKcBdop",NA,NA,NA,NA,NA,NA,NA,NA,NA,NA,NA,NA,NA,NA
2022-11-24T02:05:33Z,1595599470724530200,1595599470724530176,@MissPolly62 @DougCameron51 Lowe‚Äôs ‚Äúprediction‚Äù that int rates low til 2024 ridiculous when USA quickly raising rates one after t‚Äôother. Seemed hanging out til election. IMHO was in Morrison‚Äôs pocket.,FALSE,200,,,"<a href=""http://twitter.com/download/iphone"" rel=""nofollow"">Twitter for iPhone</a>",1595582777550065700,1595582777550065666,1443378761538310100,1443378761538310144,MissPolly62,,,,NA,FALSE,2,12,FALSE,FALSE,en,NA,NA,,NA,@MissPolly62 @DougCameron51 Lowe‚Äôs ‚Äúprediction‚Äù that int rates low til 2024 ridiculous when USA quickly raising rates one after t‚Äôother. Seemed hanging out til election. IMHO was in Morrison‚Äôs pocket.,NA,NA,NA,NA,NA,NA,NA,NA,NA,NA,NA,NA,NA,NA
2022-11-24T00:46:21Z,1595579539094110200,1595579539094110210,"I love how we can cancel someone for doing anything generally frowned upon‚Ä¶ but then half of America is going to vote for Donald Trump in the 2024 election just because he‚Äôs a republican. 

USA is trash‚Ä¶",FALSE,203,,,"<a href=""http://twitter.com/download/iphone"" rel=""nofollow"">Twitter for iPhone</a>",NA,NA,NA,NA,NA,,,,NA,FALSE,0,0,FALSE,FALSE,en,NA,NA,,NA,"I love how we can cancel someone for doing anything generally frowned upon‚Ä¶ but then half of America is going to vote for Donald Trump in the 2024 election just because he‚Äôs a republican. 

USA is trash‚Ä¶",NA,NA,NA,NA,NA,NA,NA,NA,NA,NA,NA,NA,NA,NA
2022-11-23T23:54:36Z,1595566517923754e3,1595566517923753984,"@USA_First_2024 @catturd2 @elonmusk Lol ok. Go research election fraud then. You dont have what you need to research. The fact that House Republicans arent investigating it, while investigating so many other things, should be all the proof you need.",FALSE,249,,,"<a href=""https://mobile.twitter.com"" rel=""nofollow"">Twitter Web App</a>",159556606176777e4,1595566061767770112,15911108,15911108,USA_First_2024,,,,NA,FALSE,0,0,FALSE,FALSE,en,NA,NA,,NA,"@USA_First_2024 @catturd2 @elonmusk Lol ok. Go research election fraud then. You dont have what you need to research. The fact that House Republicans arent investigating it, while investigating so many other things, should be all the proof you need.",NA,NA,NA,NA,NA,NA,NA,NA,NA,NA,NA,NA,NA,NA
2022-11-23T21:20:58Z,1595527855978471400,1595527855978471438,@SecBlinken Election in 2024 in USA.  It will definitely have economic implications and MUCH LESS THE UKRAINE.  I didn't say the word WAR.  Above.  A candidate has to appear who knows how to dismember ECONOMY and WAR in Ukraine.,FALSE,228,,,"<a href=""http://twitter.com/download/iphone"" rel=""nofollow"">Twitter for iPhone</a>",1595468118259908600,1595468118259908618,1350150750966603800,1350150750966603777,SecBlinken,,,,NA,FALSE,0,0,FALSE,FALSE,en,NA,NA,,NA,@SecBlinken Election in 2024 in USA.  It will definitely have economic implications and MUCH LESS THE UKRAINE.  I didn't say the word WAR.  Above.  A candidate has to appear who knows how to dismember ECONOMY and WAR in Ukraine.,NA,NA,NA,NA,NA,NA,NA,NA,NA,NA,NA,NA,NA,NA
2022-11-23T20:13:56Z,1595510983086047200,1595510983086047232,"Hilarious how day after day you try to blame it on Biden. Remember, people...2024 election is coming. They're trying to tear him down. Notice how they keep repeating over &amp; over. Biden has done good for America. They have done nothing. Watch their actions...not their words. #USA https://t.co/Peq7z49D93",FALSE,283,,,"<a href=""https://mobile.twitter.com"" rel=""nofollow"">Twitter Web App</a>",NA,NA,NA,NA,NA,,,,NA,TRUE,0,0,FALSE,FALSE,en,1595449853475168300,1595449853475168283,,FALSE,"Hilarious how day after day you try to blame it on Biden. Remember, people...2024 election is coming. They're trying to tear him down. Notice how they keep repeating over &amp; over. Biden has done good for America. They have done nothing. Watch their actions...not their words. #USA https://t.co/Peq7z49D93",NA,NA,NA,NA,NA,NA,NA,NA,NA,NA,NA,NA,NA,NA
2022-11-23T18:54:16Z,1595490933629685800,1595490933629685760,"Yes, JIT - Just In Time!!
For the 2024 USA Presidential Election!!!
WoW!!
The Tide is Turning RED!!!
Florida SW has been fighting red tide for years without
succeeding!!! LoL!!! https://t.co/omEGMV4cYz",FALSE,177,,,"<a href=""https://mobile.twitter.com"" rel=""nofollow"">Twitter Web App</a>",NA,NA,NA,NA,NA,,,,NA,TRUE,0,0,FALSE,FALSE,en,1594859469955125200,1594859469955125250,,FALSE,"Yes, JIT - Just In Time!!
For the 2024 USA Presidential Election!!!
WoW!!
The Tide is Turning RED!!!
Florida SW has been fighting red tide for years without
succeeding!!! LoL!!! https://t.co/omEGMV4cYz",NA,NA,NA,NA,NA,NA,NA,NA,NA,NA,NA,NA,NA,NA
2022-11-23T18:30:00Z,1595484829558227e3,1595484829558226946,"Whichever candidates Trump will face in the 2024 presidential primary elections, they will be tough contenders. Running for president is not for the faint of heart. #Analysis #election #USA #DonaldTrump #RonDeSantis #2024Election
https://t.co/9SZSowdlLX",FALSE,253,,,"<a href=""https://about.twitter.com/products/tweetdeck"" rel=""nofollow"">TweetDeck</a>",NA,NA,NA,NA,NA,,,,NA,FALSE,2,12,FALSE,FALSE,en,NA,NA,,FALSE,"Whichever candidates Trump will face in the 2024 presidential primary elections, they will be tough contenders. Running for president is not for the faint of heart. #Analysis #election #USA #DonaldTrump #RonDeSantis #2024Election
https://t.co/9SZSowdlLX",NA,NA,NA,NA,NA,NA,NA,NA,NA,NA,NA,NA,NA,NA
2022-11-23T18:26:17Z,1595483894140354600,1595483894140354584,"Remember...he's trying to blame Biden because 2024 election is coming. That's why he keeps calling it ""Biden Flation"" because if he repeats it enough, people will start to believe it. It's an old tactic &amp; one trump uses. Don't fall for it. These are some of the worse people. #USA https://t.co/oT9YitdmNl",FALSE,284,,,"<a href=""https://mobile.twitter.com"" rel=""nofollow"">Twitter Web App</a>",NA,NA,NA,NA,NA,,,,NA,TRUE,0,0,FALSE,FALSE,en,1595464699088355300,1595464699088355328,,FALSE,"Remember...he's trying to blame Biden because 2024 election is coming. That's why he keeps calling it ""Biden Flation"" because if he repeats it enough, people will start to believe it. It's an old tactic &amp; one trump uses. Don't fall for it. These are some of the worse people. #USA https://t.co/oT9YitdmNl",NA,NA,NA,NA,NA,NA,NA,NA,NA,NA,NA,NA,NA,NA
2022-11-23T18:02:37Z,1595477937188352e3,1595477937188352000,"@ramprasad_c Regime change process started before 2024 elections, woke judiciary's Christian judge want to disturb election commission. Implement here what happened in USA elections,  EC is a constitutional post, Executive decides, on whose orders Joseph interfering, foreign hand",FALSE,280,,,"<a href=""http://twitter.com/download/android"" rel=""nofollow"">Twitter for Android</a>",1595216772931764200,1595216772931764227,15819609,15819609,ramprasad_c,,,,NA,FALSE,0,0,FALSE,FALSE,en,NA,NA,,NA,"@ramprasad_c Regime change process started before 2024 elections, woke judiciary's Christian judge want to disturb election commission. Implement here what happened in USA elections,  EC is a constitutional post, Executive decides, on whose orders Joseph interfering, foreign hand",NA,NA,NA,NA,NA,NA,NA,NA,NA,NA,NA,NA,NA,NA
2022-11-23T16:12:15Z,1595450163627270100,1595450163627270144,"@tribelaw This article feels like gaslighting. GOP state legs really did appoint fake electors in 2020 &amp; if SCOTUS rules w/ the independent state leg theory, then that paves the way for state legs to steal the 2024 election. BUT its our concern that causes the constitutional crisis?",FALSE,287,,,"<a href=""http://twitter.com/download/iphone"" rel=""nofollow"">Twitter for iPhone</a>",1595422787925311500,1595422787925311493,4091551984,4091551984,tribelaw,,,,NA,FALSE,2,7,FALSE,FALSE,en,NA,NA,,NA,"@tribelaw This article feels like gaslighting. GOP state legs really did appoint fake electors in 2020 &amp; if SCOTUS rules w/ the independent state leg theory, then that paves the way for state legs to steal the 2024 election. BUT its our concern that causes the constitutional crisis?",NA,NA,NA,NA,NA,NA,NA,NA,NA,NA,NA,NA,NA,NA
2022-11-23T14:25:34Z,1595423316109660200,1595423316109660160,"Brian Kemp Is GOP‚Äôs Best Bet for 2024 by @WestcottWriting https://t.co/7Fi4BH4LMp via @WSJ If false defamation won't work, Dems trying to derail @GovRonDeSantis by trying to promote a competitor @WestcottWriting",FALSE,211,,,"<a href=""https://mobile.twitter.com"" rel=""nofollow"">Twitter Web App</a>",NA,NA,NA,NA,NA,,,,NA,FALSE,0,0,FALSE,FALSE,en,NA,NA,,FALSE,"Brian Kemp Is GOP‚Äôs Best Bet for 2024 by @WestcottWriting https://t.co/7Fi4BH4LMp via @WSJ If false defamation won't work, Dems trying to derail @GovRonDeSantis by trying to promote a competitor @WestcottWriting",NA,NA,NA,NA,NA,NA,NA,NA,NA,NA,NA,NA,NA,NA
2022-11-23T14:18:02Z,1595421417662996500,1595421417662996480,"@ThePollLady CIA started work long back.
Tejsvi yadav UK visit, some USA officers had secret meeting with #TamilNadu politicians. Now this with penguin.
USA want to encircle modiji before 2024 election,
all anti india forces will unite before 2024 to stop modi",FALSE,260,,,"<a href=""https://mobile.twitter.com"" rel=""nofollow"">Twitter Web App</a>",1595362900344017e3,1595362900344016897,105207637,105207637,ThePollLady,,,,NA,FALSE,13,21,FALSE,FALSE,en,NA,NA,,NA,"@ThePollLady CIA started work long back.
Tejsvi yadav UK visit, some USA officers had secret meeting with #TamilNadu politicians. Now this with penguin.
USA want to encircle modiji before 2024 election,
all anti india forces will unite before 2024 to stop modi",NA,NA,NA,NA,NA,NA,NA,NA,NA,NA,NA,NA,NA,NA
2022-11-23T08:29:28Z,1595333700757381e3,1595333700757381121,"Presidential Election 2024. If Donald Trump loses the primaries, he takes his base and creates his own party to run as an Independent, disaster for the GOP. BTW Can criminals run for USA President?, Congress need to work together to once and for all finish this insane DIVISIVNESS",FALSE,280,,,"<a href=""https://mobile.twitter.com"" rel=""nofollow"">Twitter Web App</a>",NA,NA,NA,NA,NA,,,,NA,FALSE,0,0,FALSE,FALSE,en,NA,NA,,NA,"Presidential Election 2024. If Donald Trump loses the primaries, he takes his base and creates his own party to run as an Independent, disaster for the GOP. BTW Can criminals run for USA President?, Congress need to work together to once and for all finish this insane DIVISIVNESS",NA,NA,NA,NA,NA,NA,NA,NA,NA,NA,NA,NA,NA,NA
2022-11-23T07:35:15Z,1.5953200557088481e+18,1595320055708848130,i‚Äôm gonna put lsd in the fog machine at the 2024 USA election!!!,FALSE,64,,,"<a href=""http://twitter.com/download/iphone"" rel=""nofollow"">Twitter for iPhone</a>",NA,NA,NA,NA,NA,,,,NA,FALSE,1,3,FALSE,FALSE,en,NA,NA,,NA,i‚Äôm gonna put lsd in the fog machine at the 2024 USA election!!!,NA,NA,NA,NA,NA,NA,NA,NA,NA,NA,NA,NA,NA,NA
2022-11-23T05:06:02Z,1595282505229287400,1595282505229287426,If Britney Griner stay locked up til 2024 and @realDonaldTrump win the election and secures her release the USA will end as we know it,FALSE,134,,,"<a href=""http://twitter.com/download/iphone"" rel=""nofollow"">Twitter for iPhone</a>",NA,NA,NA,NA,NA,,,,NA,FALSE,0,0,FALSE,FALSE,en,NA,NA,,NA,If Britney Griner stay locked up til 2024 and @realDonaldTrump win the election and secures her release the USA will end as we know it,NA,NA,NA,NA,NA,NA,NA,NA,NA,NA,NA,NA,NA,NA
2022-11-22T21:35:37Z,1595169154209878e3,1595169154209878024,"@JeffreyFBarken thunderclouds
the neighbour's Trump 2024
crowned with crows

https://t.co/yrx2hH0oEk #haiku #poetry #micropoetry #poem #USA #politics #election #Trump2024 #DonaldTrump #Midtermelections",FALSE,201,,,"<a href=""https://mobile.twitter.com"" rel=""nofollow"">Twitter Web App</a>",1594072531547222e3,1594072531547222016,58919084,58919084,ericcoliu,,,,NA,FALSE,1,2,FALSE,FALSE,en,NA,NA,,FALSE,"@JeffreyFBarken thunderclouds
the neighbour's Trump 2024
crowned with crows

https://t.co/yrx2hH0oEk #haiku #poetry #micropoetry #poem #USA #politics #election #Trump2024 #DonaldTrump #Midtermelections",NA,NA,NA,NA,NA,NA,NA,NA,NA,NA,NA,NA,NA,NA
2022-11-22T18:53:49Z,1.5951284340148961e+18,1595128434014896128,"üá∫üá∏#USA, 2024 presidential election poll:

Biden (D): 45 %
Trump (R): 41 %

Biden (D): 43 %
DeSantis (R): 39 %

Biden (D): 37 %
Cheney (R): 19 %

Emerson College, 19/11/22 https://t.co/MlOL34CKHN",FALSE,170,,,"<a href=""https://mobile.twitter.com"" rel=""nofollow"">Twitter Web App</a>",NA,NA,NA,NA,NA,,,,NA,FALSE,19,122,FALSE,FALSE,en,NA,NA,,FALSE,"üá∫üá∏#USA, 2024 presidential election poll:

Biden (D): 45 %
Trump (R): 41 %

Biden (D): 43 %
DeSantis (R): 39 %

Biden (D): 37 %
Cheney (R): 19 %

Emerson College, 19/11/22 https://t.co/MlOL34CKHN",NA,NA,NA,NA,NA,NA,NA,NA,NA,NA,NA,NA,NA,NA
2022-11-22T17:49:02Z,1595112131078520800,1595112131078520832,@WhiteHouse @POTUS Biden @HouseDemocrats @SenateDems - start a TALLY of the money the Republicans WILL WASTE &amp; not help the USA or the people of the USA.  Use it on any election ads - would be good to know in 2024 - YOU STUPID REPUBLICANS WASTING USA MONEY AS USUAL. https://t.co/AKu7trIyhy,FALSE,270,,,"<a href=""https://mobile.twitter.com"" rel=""nofollow"">Twitter Web App</a>",NA,NA,1323730225067339800,1323730225067339784,WhiteHouse,,,,NA,TRUE,1,1,FALSE,FALSE,en,1595015460453765e3,1595015460453765125,,TRUE,@WhiteHouse @POTUS Biden @HouseDemocrats @SenateDems - start a TALLY of the money the Republicans WILL WASTE &amp; not help the USA or the people of the USA.  Use it on any election ads - would be good to know in 2024 - YOU STUPID REPUBLICANS WASTING USA MONEY AS USUAL. https://t.co/AKu7trIyhy,NA,NA,NA,NA,NA,NA,NA,NA,NA,NA,NA,NA,NA,NA
2022-11-22T16:04:02Z,1595085706787004400,1595085706787004416,"#Trump Is Pissed Republicans Keep Telling Him to Stay Away from #Georgia https://t.co/akcUzHa6OQ #politics #TechJunkieInvest #USA (I actually want to see what happens, it‚Äôs like PPV..lol) https://t.co/msQkee5wcd",FALSE,187,,,"<a href=""https://buffer.com"" rel=""nofollow"">Buffer</a>",NA,NA,NA,NA,NA,,,,NA,FALSE,0,0,FALSE,FALSE,en,NA,NA,,FALSE,"#Trump Is Pissed Republicans Keep Telling Him to Stay Away from #Georgia https://t.co/akcUzHa6OQ #politics #TechJunkieInvest #USA (I actually want to see what happens, it‚Äôs like PPV..lol) https://t.co/msQkee5wcd",NA,NA,NA,NA,NA,NA,NA,NA,NA,NA,NA,NA,NA,NA
2022-11-22T12:55:15Z,1595038197427626e3,1595038197427625986,Political Polarization Hardens Divisiveness In the states of #USA https://t.co/YDhdL1TS9b,FALSE,89,,,"<a href=""https://mobile.twitter.com"" rel=""nofollow"">Twitter Web App</a>",NA,NA,NA,NA,NA,,,,NA,FALSE,2,2,FALSE,FALSE,en,NA,NA,,FALSE,Political Polarization Hardens Divisiveness In the states of #USA https://t.co/YDhdL1TS9b,NA,NA,NA,NA,NA,NA,NA,NA,NA,NA,NA,NA,NA,NA
2022-11-22T12:14:28Z,1595027934577889300,1595027934577889281,"@WallStreetSilv They are saying the quiet part out loud because it doesn‚Äôt matter any more and they know it, they are on their final push, they believe the 2024 election will be the last one in USA.",FALSE,198,,,"<a href=""http://twitter.com/#!/download/ipad"" rel=""nofollow"">Twitter for iPad</a>",1594918279801602e3,1594918279801602049,1366565625401909200,1366565625401909249,WallStreetSilv,,,,NA,FALSE,0,0,FALSE,FALSE,en,NA,NA,,NA,"@WallStreetSilv They are saying the quiet part out loud because it doesn‚Äôt matter any more and they know it, they are on their final push, they believe the 2024 election will be the last one in USA.",NA,NA,NA,NA,NA,NA,NA,NA,NA,NA,NA,NA,NA,NA
2022-11-22T11:40:07Z,1595019290306027500,1595019290306027522,@Windoctorx @janvinjoey DOJ run by Dems. We will never have justice across the board from this issue to election fraud.,FALSE,119,,,"<a href=""http://twitter.com/download/android"" rel=""nofollow"">Twitter for Android</a>",159479907845342e4,1594799078453420034,909879719734251500,909879719734251521,Windoctorx,,,,NA,FALSE,1,1,FALSE,FALSE,en,NA,NA,,NA,@Windoctorx @janvinjoey DOJ run by Dems. We will never have justice across the board from this issue to election fraud.,NA,NA,NA,NA,NA,NA,NA,NA,NA,NA,NA,NA,NA,NA
2022-11-22T03:08:49Z,1594890615845949400,1594890615845949441,Why does GOP find it acceptable to rally in DT for 2024 presidential election when he comes with so much baggage?   Isn‚Äôt there anyone else or is the well dry? DeSantis is included in this acknowledgment. In the entire USA they can‚Äôt find anyone??,FALSE,247,,,"<a href=""http://twitter.com/download/iphone"" rel=""nofollow"">Twitter for iPhone</a>",NA,NA,NA,NA,NA,,,,NA,FALSE,0,0,FALSE,FALSE,en,NA,NA,,NA,Why does GOP find it acceptable to rally in DT for 2024 presidential election when he comes with so much baggage?   Isn‚Äôt there anyone else or is the well dry? DeSantis is included in this acknowledgment. In the entire USA they can‚Äôt find anyone??,NA,NA,NA,NA,NA,NA,NA,NA,NA,NA,NA,NA,NA,NA
2022-11-21T23:43:54Z,1594839050070163500,1594839050070163457,"I'm seriously, I need go ‚úàÔ∏è to USA üóΩ after election President üáÆüá© on 2024 is over. This is the best way for me.üôÇ I need a foreign man to be my partner life before I'll go meet you again. USA üóΩ is long way. I am independent women.üßï https://t.co/KFHdFQVcUZ",FALSE,229,,,"<a href=""http://twitter.com/download/android"" rel=""nofollow"">Twitter for Android</a>",NA,NA,NA,NA,NA,,,,NA,FALSE,0,1,FALSE,FALSE,en,NA,NA,,TRUE,"I'm seriously, I need go ‚úàÔ∏è to USA üóΩ after election President üáÆüá© on 2024 is over. This is the best way for me.üôÇ I need a foreign man to be my partner life before I'll go meet you again. USA üóΩ is long way. I am independent women.üßï https://t.co/KFHdFQVcUZ",NA,NA,NA,NA,NA,NA,NA,NA,NA,NA,NA,NA,NA,NA
2022-11-21T23:40:07Z,1594838098298667e3,1594838098298667008,"The @FBI @DOJPH interfered in the 2016 election-fake Russia dossier; 2020 election Special Prosecutor, Impeachments &amp; by hiding the Hunter laptop; 2022 midterms-Trump raid, now 2024 Special Prosecutor! The corrupt Justice Departments in USA! @TuckerCarlson @realDonaldTrump @MSNBC https://t.co/WMjQ8Pm4N1",FALSE,284,,,"<a href=""https://mobile.twitter.com"" rel=""nofollow"">Twitter Web App</a>",NA,NA,NA,NA,NA,,,,NA,TRUE,0,0,FALSE,FALSE,en,1594739678426587100,1594739678426587136,,FALSE,"The @FBI @DOJPH interfered in the 2016 election-fake Russia dossier; 2020 election Special Prosecutor, Impeachments &amp; by hiding the Hunter laptop; 2022 midterms-Trump raid, now 2024 Special Prosecutor! The corrupt Justice Departments in USA! @TuckerCarlson @realDonaldTrump @MSNBC https://t.co/WMjQ8Pm4N1",NA,NA,NA,NA,NA,NA,NA,NA,NA,NA,NA,NA,NA,NA
2022-11-21T23:39:02Z,1594837822074196e3,1594837822074195970,"The @FBI @DOJPH interfered in the 2016 election -fake Russia dossier; 2020 election Special Prosecutor, Impeachments &amp; by hiding the Hunter laptop; 2022 midterms-Trump raid, now 2024 Special Prosecutor! The corrupt Justice Departments in USA! @60Minutes @ScottPelley @CBS_Herridge https://t.co/WMjQ8PlwXt",FALSE,284,,,"<a href=""https://mobile.twitter.com"" rel=""nofollow"">Twitter Web App</a>",NA,NA,NA,NA,NA,,,,NA,TRUE,0,0,FALSE,FALSE,en,1594739678426587100,1594739678426587136,,FALSE,"The @FBI @DOJPH interfered in the 2016 election -fake Russia dossier; 2020 election Special Prosecutor, Impeachments &amp; by hiding the Hunter laptop; 2022 midterms-Trump raid, now 2024 Special Prosecutor! The corrupt Justice Departments in USA! @60Minutes @ScottPelley @CBS_Herridge https://t.co/WMjQ8PlwXt",NA,NA,NA,NA,NA,NA,NA,NA,NA,NA,NA,NA,NA,NA
2022-11-21T23:37:30Z,1594837436244394e3,1594837436244393984,"The @FBI @DOJPH interfered in the 2016 election -fake Russia dossier; 2020 election Special Prosecutor, Impeachments &amp; by hiding the Hunter laptop; 2022 midterms-Trump raid, now 2024 Special Prosecutor! The corrupt Justice Departments in USA! @GOP @seanhannity @TuckerCarlson @CNN https://t.co/WMjQ8PlwXt",FALSE,284,,,"<a href=""https://mobile.twitter.com"" rel=""nofollow"">Twitter Web App</a>",NA,NA,NA,NA,NA,,,,NA,TRUE,0,0,FALSE,FALSE,en,1594739678426587100,1594739678426587136,,FALSE,"The @FBI @DOJPH interfered in the 2016 election -fake Russia dossier; 2020 election Special Prosecutor, Impeachments &amp; by hiding the Hunter laptop; 2022 midterms-Trump raid, now 2024 Special Prosecutor! The corrupt Justice Departments in USA! @GOP @seanhannity @TuckerCarlson @CNN https://t.co/WMjQ8PlwXt",NA,NA,NA,NA,NA,NA,NA,NA,NA,NA,NA,NA,NA,NA
2022-11-21T22:24:44Z,1594819126178250800,1594819126178250752,"@NEWSMAX JOE KNOWS 
2024 ELECTION IS RIGGED!

@JoeBiden -
1) ""I don't need you to get me elected...!""
2) ""We've put together the BIGGEST VOTER FRAUD ORG IN USA HISTORY,
WE USED IT TO GET @BarackObama ELECTED!""

HOW IS @JoeBiden &amp; family NOT IN PRISON? HE OPENLY STATES FRAUD &amp; CORRUPTION! https://t.co/nERm55LCaT",FALSE,296,,,"<a href=""http://twitter.com/download/iphone"" rel=""nofollow"">Twitter for iPhone</a>",1594631742488711200,1594631742488711169,20545835,20545835,NEWSMAX,,,,NA,FALSE,0,0,FALSE,FALSE,en,NA,NA,,FALSE,"@NEWSMAX JOE KNOWS 
2024 ELECTION IS RIGGED!

@JoeBiden -
1) ""I don't need you to get me elected...!""
2) ""We've put together the BIGGEST VOTER FRAUD ORG IN USA HISTORY,
WE USED IT TO GET @BarackObama ELECTED!""

HOW IS @JoeBiden &amp; family NOT IN PRISON? HE OPENLY STATES FRAUD &amp; CORRUPTION! https://t.co/nERm55LCaT",NA,NA,NA,NA,NA,NA,NA,NA,NA,NA,NA,NA,NA,NA
2022-11-21T21:01:19Z,1594798134206791700,1594798134206791680,"@realDonaldTrump Former president
Trump
Support you
Attend
2024 USA
President election
Go ahead
I am a  Taiwanese https://t.co/kSNYNAn6wk",FALSE,113,,,"<a href=""http://twitter.com/download/android"" rel=""nofollow"">Twitter for Android</a>",1347555316863553500,1347555316863553542,25073877,25073877,realDonaldTrump,,,,NA,FALSE,0,0,FALSE,FALSE,en,NA,NA,,FALSE,"@realDonaldTrump Former president
Trump
Support you
Attend
2024 USA
President election
Go ahead
I am a  Taiwanese https://t.co/kSNYNAn6wk",NA,NA,NA,NA,NA,NA,NA,NA,NA,NA,NA,NA,NA,NA
2022-11-21T16:32:42Z,1.5947305328099041e+18,1594730532809904128,"Ex Twitter Employees,
You think losing your jobs is bad?
You were involved in stealing the 2024 presidential election and in selling the steal to the public.
If I were you I'd move to a nation that has no extradition agreements with the USA. Otherwise, prison awaits.",FALSE,267,,,"<a href=""https://mobile.twitter.com"" rel=""nofollow"">Twitter Web App</a>",NA,NA,NA,NA,NA,,,,NA,FALSE,0,0,FALSE,FALSE,en,NA,NA,,NA,"Ex Twitter Employees,
You think losing your jobs is bad?
You were involved in stealing the 2024 presidential election and in selling the steal to the public.
If I were you I'd move to a nation that has no extradition agreements with the USA. Otherwise, prison awaits.",NA,NA,NA,NA,NA,NA,NA,NA,NA,NA,NA,NA,NA,NA
2022-11-21T15:48:46Z,1594719477178175500,1594719477178175488,"@Jereme45 @Bruce2USA HE WILL BE IN BEFORE 2024! IT WAS THE BIDEN ADMINISTRATION THAT ROBBED THE 2020 ELECTION &amp; THE MID TERMS!

BEFORE TRUMP LEFT OFFICE, HE SIGNED PRESIDENTIAL POWERS TO THE MILITARY AS THE USA WAS UNDER ATTACK FROM ENEMY'S WITHIN!

IT'S ALL GOING TO COME OUT , BIDEN'S CURRUPTION!",FALSE,302,,,"<a href=""http://twitter.com/download/android"" rel=""nofollow"">Twitter for Android</a>",1594564496407908400,1594564496407908353,1134229565000355800,1134229565000355840,Jereme45,,,,NA,FALSE,0,0,FALSE,FALSE,en,NA,NA,,NA,"@Jereme45 @Bruce2USA HE WILL BE IN BEFORE 2024! IT WAS THE BIDEN ADMINISTRATION THAT ROBBED THE 2020 ELECTION &amp; THE MID TERMS!

BEFORE TRUMP LEFT OFFICE, HE SIGNED PRESIDENTIAL POWERS TO THE MILITARY AS THE USA WAS UNDER ATTACK FROM ENEMY'S WITHIN!

IT'S ALL GOING TO COME OUT , BIDEN'S CURRUPTION!",NA,NA,NA,NA,NA,NA,NA,NA,NA,NA,NA,NA,NA,NA
2022-11-21T15:36:57Z,1594716504888688600,1594716504888688641,"@RepAndyBiggsAZ @txranch45 Y'all really should wait and do the Biden investigation right before the  2024 election
 If you do it now it will be long forgotten by the electorate. Right now you should work on reopening the Keystone pipeline &amp; allowing drilling permits to make USA energy Independent again!",FALSE,308,,,"<a href=""http://twitter.com/download/android"" rel=""nofollow"">Twitter for Android</a>",1594703988334657500,1594703988334657538,816652616625168400,816652616625168388,RepAndyBiggsAZ,,,,NA,FALSE,0,1,FALSE,FALSE,en,NA,NA,,NA,"@RepAndyBiggsAZ @txranch45 Y'all really should wait and do the Biden investigation right before the  2024 election
 If you do it now it will be long forgotten by the electorate. Right now you should work on reopening the Keystone pipeline &amp; allowing drilling permits to make USA energy Independent again!",NA,NA,NA,NA,NA,NA,NA,NA,NA,NA,NA,NA,NA,NA
2022-11-21T15:19:16Z,1594712053565964300,1594712053565964289,"brazil is exploding post-election. 
all the key/close elections here were to be polite ... sus.
good luck with nov 5th, 2024 here in the USA. https://t.co/WslmyEGhrH",FALSE,141,,,"<a href=""https://mobile.twitter.com"" rel=""nofollow"">Twitter Web App</a>",NA,NA,NA,NA,NA,,,,NA,FALSE,0,1,FALSE,FALSE,en,NA,NA,,FALSE,"brazil is exploding post-election. 
all the key/close elections here were to be polite ... sus.
good luck with nov 5th, 2024 here in the USA. https://t.co/WslmyEGhrH",NA,NA,NA,NA,NA,NA,NA,NA,NA,NA,NA,NA,NA,NA
2022-11-21T14:12:15Z,1594695189058441200,1594695189058441216,"@dufrianord So basically Kushner 2024 is the best case scenario for USA? Grim. Although I have a bad feeling that all this excitement will build up for 2 years, just to be dashed by another blatantly stolen election. Which will surely lead to civil war.",FALSE,253,,,"<a href=""http://twitter.com/download/android"" rel=""nofollow"">Twitter for Android</a>",1594638550984704e3,1594638550984704007,1030725698460246e3,1030725698460246018,dufrianord,,,,NA,FALSE,0,3,FALSE,FALSE,en,NA,NA,,NA,"@dufrianord So basically Kushner 2024 is the best case scenario for USA? Grim. Although I have a bad feeling that all this excitement will build up for 2 years, just to be dashed by another blatantly stolen election. Which will surely lead to civil war.",NA,NA,NA,NA,NA,NA,NA,NA,NA,NA,NA,NA,NA,NA
2022-11-21T13:58:38Z,1594691762634768400,1594691762634768384,Wow. The 2024 Presidential election could be very dramatic. We are seeing deep divisions amongst USA elites. https://t.co/JEZu3rNNZk,FALSE,108,,,"<a href=""http://twitter.com/download/android"" rel=""nofollow"">Twitter for Android</a>",NA,NA,NA,NA,NA,,,,NA,TRUE,0,0,FALSE,FALSE,en,1594622889328005e3,1594622889328005121,,FALSE,Wow. The 2024 Presidential election could be very dramatic. We are seeing deep divisions amongst USA elites. https://t.co/JEZu3rNNZk,NA,NA,NA,NA,NA,NA,NA,NA,NA,NA,NA,NA,NA,NA
2022-11-21T10:14:10Z,1594635273912057900,1594635273912057856,"@Cernovich I disagree. I know Trump is currently working on ""new personnel"" and we haven't heard his plan yet for 2024.
So, let's hold tight with telling people who will win the general. 
Let's just see how bad the old USA gets before election.
Desperate times, call for desperate measures.",FALSE,290,,,"<a href=""http://twitter.com/download/android"" rel=""nofollow"">Twitter for Android</a>",1594530713709138e3,1594530713709137920,358545917,358545917,Cernovich,,,,NA,FALSE,0,1,FALSE,FALSE,en,NA,NA,,NA,"@Cernovich I disagree. I know Trump is currently working on ""new personnel"" and we haven't heard his plan yet for 2024.
So, let's hold tight with telling people who will win the general. 
Let's just see how bad the old USA gets before election.
Desperate times, call for desperate measures.",NA,NA,NA,NA,NA,NA,NA,NA,NA,NA,NA,NA,NA,NA
2022-11-21T07:37:08Z,1594595754861277200,1594595754861277184,"2016 Democrats tried to lose the election by putting the most hated woman in USA up against trump. 

2024 Democrats put up a 84 year old against Trump to try and lose again.

It might work.",FALSE,189,,,"<a href=""http://twitter.com/#!/download/ipad"" rel=""nofollow"">Twitter for iPad</a>",NA,NA,NA,NA,NA,,,,NA,FALSE,0,0,FALSE,FALSE,en,NA,NA,,NA,"2016 Democrats tried to lose the election by putting the most hated woman in USA up against trump. 

2024 Democrats put up a 84 year old against Trump to try and lose again.

It might work.",NA,NA,NA,NA,NA,NA,NA,NA,NA,NA,NA,NA,NA,NA
2022-11-21T02:01:20Z,1594511245595795500,1594511245595795456,"Donald Trump is back
on Twitter and ""2024 United States presidential election""

If Trump wins the 2024 Election,
Elon Musk: Sonia Gandhi üëµüèª
Donald Trump: Manmohan Singhüë≥üèº‚Äç‚ôÇÔ∏è

May God bless Americaüá∫üá∏ 

#USA #trumpRally #trumpisback #ElonMusk #USElection #SoniaGandhi #manmohansingh",FALSE,280,,,"<a href=""http://twitter.com/download/iphone"" rel=""nofollow"">Twitter for iPhone</a>",NA,NA,NA,NA,NA,,,,NA,FALSE,0,2,FALSE,FALSE,en,NA,NA,,NA,"Donald Trump is back
on Twitter and ""2024 United States presidential election""

If Trump wins the 2024 Election,
Elon Musk: Sonia Gandhi üëµüèª
Donald Trump: Manmohan Singhüë≥üèº‚Äç‚ôÇÔ∏è

May God bless Americaüá∫üá∏ 

#USA #trumpRally #trumpisback #ElonMusk #USElection #SoniaGandhi #manmohansingh",NA,NA,NA,NA,NA,NA,NA,NA,NA,NA,NA,NA,NA,NA
2022-11-20T21:55:00Z,1594449253627142100,1594449253627142145,#TroublemakerDTSelfCenteredOnly - Open News that DT Ex-Prez. running 4 2024 Elections has new Nickname he is Self Centered - does not care about 2nd Term Nor USA all that he thinks for Election is merely CRAVING 4 ATTENTION Bad or Goofed Ones!!! https://t.co/7HP8LYGQbI,FALSE,245,,,"<a href=""https://mobile.twitter.com"" rel=""nofollow"">Twitter Web App</a>",NA,NA,NA,NA,NA,,,,NA,FALSE,0,0,FALSE,FALSE,en,NA,NA,,FALSE,#TroublemakerDTSelfCenteredOnly - Open News that DT Ex-Prez. running 4 2024 Elections has new Nickname he is Self Centered - does not care about 2nd Term Nor USA all that he thinks for Election is merely CRAVING 4 ATTENTION Bad or Goofed Ones!!! https://t.co/7HP8LYGQbI,NA,NA,NA,NA,NA,NA,NA,NA,NA,NA,NA,NA,NA,NA
2022-11-20T21:24:45Z,1594441641221566500,1594441641221566464,"@Roshan_Rinaldi Gee wouldn‚Äôt it be great to fill his CV on top of the FOUR impeachment charges TWO of which convicted, wouldn‚Äôt it be GREAT if he LOST 2024 election as well. Making USA HISTORY. BACK2BACK election losses &amp; TWO CONVICTED impeachments. GREAT LEGACY.",FALSE,267,,,"<a href=""http://twitter.com/download/iphone"" rel=""nofollow"">Twitter for iPhone</a>",1594285952385663e3,1594285952385662977,2598999181,2598999181,Roshan_Rinaldi,,,,NA,FALSE,0,0,FALSE,FALSE,en,NA,NA,,NA,"@Roshan_Rinaldi Gee wouldn‚Äôt it be great to fill his CV on top of the FOUR impeachment charges TWO of which convicted, wouldn‚Äôt it be GREAT if he LOST 2024 election as well. Making USA HISTORY. BACK2BACK election losses &amp; TWO CONVICTED impeachments. GREAT LEGACY.",NA,NA,NA,NA,NA,NA,NA,NA,NA,NA,NA,NA,NA,NA
2022-11-20T21:07:24Z,1594437276196651e3,1594437276196651011,"@AmericaEthiopia Job well done AEPAC. Thankyou! The Diaspora in USA &amp;  around the globe must follow AEPAC foot steps aprroch law makers in all nations. We learn a lot from AEPAC for 2024 election!! 
Fundraising, donations are the key for AEPAC!!",FALSE,249,,,"<a href=""http://twitter.com/download/android"" rel=""nofollow"">Twitter for Android</a>",1593687257575481300,1593687257575481345,1370815105785467e3,1370815105785466883,AmericaEthiopia,,,,NA,FALSE,0,0,FALSE,FALSE,en,NA,NA,,NA,"@AmericaEthiopia Job well done AEPAC. Thankyou! The Diaspora in USA &amp;  around the globe must follow AEPAC foot steps aprroch law makers in all nations. We learn a lot from AEPAC for 2024 election!! 
Fundraising, donations are the key for AEPAC!!",NA,NA,NA,NA,NA,NA,NA,NA,NA,NA,NA,NA,NA,NA
2022-11-20T18:36:50Z,1594399382991827e3,1594399382991826945,@joncoopertweets The President of the USA had always been chosen until DJT won the election in 2016.  So they had to cheat in 2020 and will again in 2024. https://t.co/vYltDPYcoO,FALSE,154,,,"<a href=""https://mobile.twitter.com"" rel=""nofollow"">Twitter Web App</a>",1592705750652293e3,1592705750652293120,27493883,27493883,joncoopertweets,,,,NA,FALSE,0,0,FALSE,FALSE,en,NA,NA,,FALSE,@joncoopertweets The President of the USA had always been chosen until DJT won the election in 2016.  So they had to cheat in 2020 and will again in 2024. https://t.co/vYltDPYcoO,NA,NA,NA,NA,NA,NA,NA,NA,NA,NA,NA,NA,NA,NA
2022-11-20T18:23:07Z,1594395934200397800,1594395934200397829,@realDonaldTrump Trump DeSantis 2024! The 75 million people whom voted for you in the last election didn't go away when Biden/Harris and Xi Jinping stole the election from you using a Chinese Virus!  MAGA God Bless the USA and Trump!,FALSE,233,,,"<a href=""https://mobile.twitter.com"" rel=""nofollow"">Twitter Web App</a>",NA,NA,25073877,25073877,realDonaldTrump,,,,NA,FALSE,0,0,FALSE,FALSE,en,NA,NA,,NA,@realDonaldTrump Trump DeSantis 2024! The 75 million people whom voted for you in the last election didn't go away when Biden/Harris and Xi Jinping stole the election from you using a Chinese Virus!  MAGA God Bless the USA and Trump!,NA,NA,NA,NA,NA,NA,NA,NA,NA,NA,NA,NA,NA,NA
2022-11-20T16:43:29Z,1594370860017746e3,1594370860017745922,"Gray  Donald Trump ""Coming Soon- Trump 2024"" Hoodie Hooded Sweatshirt https://t.co/wo3c7NO0ME #pullover #donald #trump #hoodie #sweat #shirt #election #usa #maga https://t.co/Wfznc5uGxo",FALSE,161,,,"<a href=""http://www.etsy.com"" rel=""nofollow"">Etsy</a>",NA,NA,NA,NA,NA,,,,NA,FALSE,0,0,FALSE,FALSE,en,NA,NA,,FALSE,"Gray  Donald Trump ""Coming Soon- Trump 2024"" Hoodie Hooded Sweatshirt https://t.co/wo3c7NO0ME #pullover #donald #trump #hoodie #sweat #shirt #election #usa #maga https://t.co/Wfznc5uGxo",NA,NA,NA,NA,NA,NA,NA,NA,NA,NA,NA,NA,NA,NA
2022-11-20T15:24:05Z,1594350875757383700,1594350875757383680,"""#POTUS News: After midterms, Biden boosted for a 2024 run, while #Trump takes a hit: USA TODAY/Ipsos Poll #News"": https://t.co/EO7xpCaSoh",FALSE,138,,,"<a href=""http://www.robinspost.com/news/"" rel=""nofollow"">RSS Post Syndication</a>",NA,NA,NA,NA,NA,,,,NA,FALSE,0,0,FALSE,FALSE,en,NA,NA,,FALSE,"""#POTUS News: After midterms, Biden boosted for a 2024 run, while #Trump takes a hit: USA TODAY/Ipsos Poll #News"": https://t.co/EO7xpCaSoh",NA,NA,NA,NA,NA,NA,NA,NA,NA,NA,NA,NA,NA,NA
2022-11-20T14:45:02Z,1594341048582824e3,1594341048582823936,"@realDonaldTrump Can we able to see Banned Gun Culture   in UNITED STATE OF AMERICA  After you win Election in 2024. 
Because Gun Culture is the Major Problem in USA . we really See the News of Death by shooting To the people Every week .",FALSE,238,,,"<a href=""http://twitter.com/download/android"" rel=""nofollow"">Twitter for Android</a>",NA,NA,25073877,25073877,realDonaldTrump,,,,NA,FALSE,0,0,FALSE,FALSE,en,NA,NA,,NA,"@realDonaldTrump Can we able to see Banned Gun Culture   in UNITED STATE OF AMERICA  After you win Election in 2024. 
Because Gun Culture is the Major Problem in USA . we really See the News of Death by shooting To the people Every week .",NA,NA,NA,NA,NA,NA,NA,NA,NA,NA,NA,NA,NA,NA
2022-11-20T14:24:07Z,1594335785741799400,1594335785741799424,"""#POTUS News: After midterms, Biden boosted for a 2024 run, while #Trump takes a hit: USA TODAY/Ipsos Poll #News"": https://t.co/EO7xpBSJa9",FALSE,138,,,"<a href=""http://www.robinspost.com/news/"" rel=""nofollow"">RSS Post Syndication</a>",NA,NA,NA,NA,NA,,,,NA,FALSE,0,0,FALSE,FALSE,en,NA,NA,,FALSE,"""#POTUS News: After midterms, Biden boosted for a 2024 run, while #Trump takes a hit: USA TODAY/Ipsos Poll #News"": https://t.co/EO7xpBSJa9",NA,NA,NA,NA,NA,NA,NA,NA,NA,NA,NA,NA,NA,NA
2022-11-20T13:44:15Z,1594325752002089e3,1594325752002088965,@MZHemingway @lindamac12steps This county turned away more voters on election day than they do illegal aliens at their border.,FALSE,126,,,"<a href=""http://twitter.com/download/android"" rel=""nofollow"">Twitter for Android</a>",1594030929223336e3,1594030929223335937,18005085,18005085,MZHemingway,,,,NA,FALSE,2,2,FALSE,FALSE,en,NA,NA,,NA,@MZHemingway @lindamac12steps This county turned away more voters on election day than they do illegal aliens at their border.,NA,NA,NA,NA,NA,NA,NA,NA,NA,NA,NA,NA,NA,NA
2022-11-20T13:40:26Z,1594324793473613800,1594324793473613824,@elonmusk @elonmusk if trump in 2024 will win the usa president election  will be also your fault.,FALSE,98,,,"<a href=""http://twitter.com/download/android"" rel=""nofollow"">Twitter for Android</a>",1594131768298315800,1594131768298315777,44196397,44196397,elonmusk,,,,NA,FALSE,0,0,FALSE,FALSE,en,NA,NA,,NA,@elonmusk @elonmusk if trump in 2024 will win the usa president election  will be also your fault.,NA,NA,NA,NA,NA,NA,NA,NA,NA,NA,NA,NA,NA,NA
2022-11-20T12:03:14Z,1594300333110751200,1594300333110751233,@realDonaldTrump. I HOPE YOU'LL WIN THE 2024 ELECTION ! THE OVAL DESK IS YOUR !! GOD BLESS YOU MR PRESIDENT ! THE USA AND THE WORLD NEED YOU !,FALSE,142,,,"<a href=""https://mobile.twitter.com"" rel=""nofollow"">Twitter Web App</a>",NA,NA,25073877,25073877,realDonaldTrump,,,,NA,FALSE,0,1,FALSE,FALSE,en,NA,NA,,NA,@realDonaldTrump. I HOPE YOU'LL WIN THE 2024 ELECTION ! THE OVAL DESK IS YOUR !! GOD BLESS YOU MR PRESIDENT ! THE USA AND THE WORLD NEED YOU !,NA,NA,NA,NA,NA,NA,NA,NA,NA,NA,NA,NA,NA,NA
2022-11-20T11:48:28Z,1594296616407924700,1594296616407924736,"I'm a Chartered Accountant and whenever we conduct an audit we never give absolute assurance that all errors or frauds will be detected. But somehow @CNN @nytimes @MSNBC @CBSNews claim no election interference took place.
#MAGA #DonaldTrump #2024 #USA #Republicans https://t.co/Oi1Br47UOo",FALSE,264,,,"<a href=""https://mobile.twitter.com"" rel=""nofollow"">Twitter Web App</a>",NA,NA,NA,NA,NA,,,,NA,FALSE,1,3,FALSE,FALSE,en,NA,NA,,FALSE,"I'm a Chartered Accountant and whenever we conduct an audit we never give absolute assurance that all errors or frauds will be detected. But somehow @CNN @nytimes @MSNBC @CBSNews claim no election interference took place.
#MAGA #DonaldTrump #2024 #USA #Republicans https://t.co/Oi1Br47UOo",NA,NA,NA,NA,NA,NA,NA,NA,NA,NA,NA,NA,NA,NA
2022-11-20T11:35:24Z,1594293326836105200,1594293326836105216,"I wonder who will win in a possible US election?
#USA #2024",FALSE,59,,,"<a href=""https://mobile.twitter.com"" rel=""nofollow"">Twitter Web App</a>",NA,NA,NA,NA,NA,,,,NA,FALSE,0,1,FALSE,FALSE,en,NA,NA,,NA,"I wonder who will win in a possible US election?
#USA #2024",NA,NA,NA,NA,NA,NA,NA,NA,NA,NA,NA,NA,NA,NA
2022-11-20T05:13:55Z,1594197322258387e3,1594197322258386945,The 2022 Midterms were like deja vu all over again! Once again the USA was embarrassed by fools who proved our Election Process to be the same as or worse than that of third world countries!üòè We better get it straightened out before 2024! https://t.co/zsYNryfGmI,FALSE,238,,,"<a href=""http://twitter.com/#!/download/ipad"" rel=""nofollow"">Twitter for iPad</a>",NA,NA,NA,NA,NA,,,,NA,TRUE,0,1,FALSE,FALSE,en,1346818855298072600,1346818855298072576,,FALSE,The 2022 Midterms were like deja vu all over again! Once again the USA was embarrassed by fools who proved our Election Process to be the same as or worse than that of third world countries!üòè We better get it straightened out before 2024! https://t.co/zsYNryfGmI,NA,NA,NA,NA,NA,NA,NA,NA,NA,NA,NA,NA,NA,NA
2022-11-20T05:01:02Z,1594194082833768400,1594194082833768454,@realRoseUSA Can Donald Trump participate in 2024 us presidential election.? According to the USA üá∫üá∏ law,FALSE,104,,,"<a href=""http://twitter.com/download/android"" rel=""nofollow"">Twitter for Android</a>",1594184619183968300,1594184619183968258,1572401073461002200,1572401073461002240,realRoseUSA,,,,NA,FALSE,0,1,FALSE,FALSE,en,NA,NA,,NA,@realRoseUSA Can Donald Trump participate in 2024 us presidential election.? According to the USA üá∫üá∏ law,NA,NA,NA,NA,NA,NA,NA,NA,NA,NA,NA,NA,NA,NA
2022-11-20T04:20:46Z,1594183948950966300,1594183948950966272,Who will run for #democrats in the 2024 Presidential election? #hellodemocrats #blue #california #usa @ChrisCuomo,FALSE,113,,,"<a href=""http://twitter.com/download/iphone"" rel=""nofollow"">Twitter for iPhone</a>",NA,NA,NA,NA,NA,,,,NA,FALSE,0,1,FALSE,FALSE,en,NA,NA,,NA,Who will run for #democrats in the 2024 Presidential election? #hellodemocrats #blue #california #usa @ChrisCuomo,NA,NA,NA,NA,NA,NA,NA,NA,NA,NA,NA,NA,NA,NA
2022-11-20T04:17:39Z,1594183164586766300,1594183164586766337,"@CalltoActivism Doesnt really matter does it, the fact he was unbanned is what really matters. Eventually, specially as the USA  gets closer to election time in 2024, his PR team will have him on again for extra reach.",FALSE,218,,,"<a href=""https://mobile.twitter.com"" rel=""nofollow"">Twitter Web App</a>",1594163325709033500,1594163325709033472,819994707061248e3,819994707061248001,CalltoActivism,,,,NA,FALSE,0,0,FALSE,FALSE,en,NA,NA,,NA,"@CalltoActivism Doesnt really matter does it, the fact he was unbanned is what really matters. Eventually, specially as the USA  gets closer to election time in 2024, his PR team will have him on again for extra reach.",NA,NA,NA,NA,NA,NA,NA,NA,NA,NA,NA,NA,NA,NA
2022-11-20T03:44:08Z,1594174729229070300,1594174729229070336,"work and dedication. However, in two years we will also have the reestablishment in the USA with the election of Donald Tramp 2024. @realDonaldTrump and we will experience growth in North and South America.",FALSE,206,,,"<a href=""http://twitter.com/download/android"" rel=""nofollow"">Twitter for Android</a>",1594174727265869800,1594174727265869827,1242654614538850300,1242654614538850304,Pralexsouza_,,,,NA,FALSE,0,0,FALSE,FALSE,en,NA,NA,,NA,"work and dedication. However, in two years we will also have the reestablishment in the USA with the election of Donald Tramp 2024. @realDonaldTrump and we will experience growth in North and South America.",NA,NA,NA,NA,NA,NA,NA,NA,NA,NA,NA,NA,NA,NA
2022-11-20T03:40:31Z,1594173819572322300,1594173819572322304,"To: Donald Trump: I am waiting to see if you come back to Twitter! If you do you can expect me to expose the absolute Truth about you every day until January 6th, 2025!  That is when a new Democrat winner of the 2024 election will be confirmed as President of the USA!",FALSE,268,,,"<a href=""https://mobile.twitter.com"" rel=""nofollow"">Twitter Web App</a>",NA,NA,NA,NA,NA,,,,NA,FALSE,0,1,FALSE,FALSE,en,NA,NA,,NA,"To: Donald Trump: I am waiting to see if you come back to Twitter! If you do you can expect me to expose the absolute Truth about you every day until January 6th, 2025!  That is when a new Democrat winner of the 2024 election will be confirmed as President of the USA!",NA,NA,NA,NA,NA,NA,NA,NA,NA,NA,NA,NA,NA,NA
2022-11-20T03:24:12Z,1594169712639967200,1594169712639967232,"@William41996401 So funny. They're running same crap that lost 2020 by historic 7 million vote landslide. Since then, he's defied subpoenas, had rape trial, stole docs, tried stealing election, lead deadly terrorist attack vs USA. Trump will get crushed in 2024",FALSE,261,,,"<a href=""https://mobile.twitter.com"" rel=""nofollow"">Twitter Web App</a>",1594150589922828300,1594150589922828290,950517177563586600,950517177563586560,William41996401,,,,NA,FALSE,0,0,FALSE,FALSE,en,NA,NA,,NA,"@William41996401 So funny. They're running same crap that lost 2020 by historic 7 million vote landslide. Since then, he's defied subpoenas, had rape trial, stole docs, tried stealing election, lead deadly terrorist attack vs USA. Trump will get crushed in 2024",NA,NA,NA,NA,NA,NA,NA,NA,NA,NA,NA,NA,NA,NA
2022-11-20T03:03:02Z,1594164387522437e3,1594164387522437120,"Maybe @elonmusk think the Trump can be the next president of USA,then he now want make impression with him
But the i think he can not win in the next election 2024.
And now he would not back using @Twitter",FALSE,205,,,"<a href=""http://twitter.com/download/iphone"" rel=""nofollow"">Twitter for iPhone</a>",NA,NA,NA,NA,NA,,,,NA,FALSE,0,0,FALSE,FALSE,en,NA,NA,,NA,"Maybe @elonmusk think the Trump can be the next president of USA,then he now want make impression with him
But the i think he can not win in the next election 2024.
And now he would not back using @Twitter",NA,NA,NA,NA,NA,NA,NA,NA,NA,NA,NA,NA,NA,NA
2022-11-20T02:17:36Z,1594152951211167700,1594152951211167744,"@RubeBait A Reporter the other day said that if not for Twitter and the exposure of reporting on Ukraine, the Global community would not have united against Putin. That's the ultimate Plan. Now they will influence and control the USA 2024 Election. Putin will win the Misinformation War.",FALSE,287,,,"<a href=""http://twitter.com/download/android"" rel=""nofollow"">Twitter for Android</a>",1594151379009839e3,1594151379009839104,785676811,785676811,RubeBait,,,,NA,FALSE,1,3,FALSE,FALSE,en,NA,NA,,NA,"@RubeBait A Reporter the other day said that if not for Twitter and the exposure of reporting on Ukraine, the Global community would not have united against Putin. That's the ultimate Plan. Now they will influence and control the USA 2024 Election. Putin will win the Misinformation War.",NA,NA,NA,NA,NA,NA,NA,NA,NA,NA,NA,NA,NA,NA
2022-11-20T01:57:24Z,1594147868377497600,1594147868377497601,"@elonmusk If @realDonaldTrump wins 2024 election and the USA convinces South Africa to join the union, will you run for US President 2028? ü§îüòÅüôè",FALSE,142,,,"<a href=""http://twitter.com/download/android"" rel=""nofollow"">Twitter for Android</a>",1594131768298315800,1594131768298315777,44196397,44196397,elonmusk,,,,NA,FALSE,0,1,FALSE,FALSE,en,NA,NA,,NA,"@elonmusk If @realDonaldTrump wins 2024 election and the USA convinces South Africa to join the union, will you run for US President 2028? ü§îüòÅüôè",NA,NA,NA,NA,NA,NA,NA,NA,NA,NA,NA,NA,NA,NA
2022-11-20T01:52:32Z,1594146644580216800,1594146644580216833,"My prediction is that Trump is the 2024 GOP presidential candidate. He loses the election, &amp; says the election was stolen.

Or DeSantis is the 2024 GOP candidate, and Trump runs as a 3rd party candidate and gets about 15 - 20% of the vote ensuring Democrats win the presidency.",FALSE,281,,,"<a href=""https://mobile.twitter.com"" rel=""nofollow"">Twitter Web App</a>",NA,NA,NA,NA,NA,,,,NA,FALSE,0,3,FALSE,FALSE,en,NA,NA,,NA,"My prediction is that Trump is the 2024 GOP presidential candidate. He loses the election, &amp; says the election was stolen.

Or DeSantis is the 2024 GOP candidate, and Trump runs as a 3rd party candidate and gets about 15 - 20% of the vote ensuring Democrats win the presidency.",NA,NA,NA,NA,NA,NA,NA,NA,NA,NA,NA,NA,NA,NA
2022-11-19T23:57:23Z,1594117667815706600,1594117667815706624,@elonmusk This is reckless Mr. Musk.  You are fomenting the problem.   If anything work on 2024. 2020 as far as the election is concerned is a done issue.  No way will Biden be removed before this term is up.  USA in trouble If this is going to be your approach to leadership.,FALSE,276,,,"<a href=""http://twitter.com/download/android"" rel=""nofollow"">Twitter for Android</a>",1593767953706922e3,1593767953706921985,44196397,44196397,elonmusk,,,,NA,FALSE,0,0,FALSE,FALSE,en,NA,NA,,NA,@elonmusk This is reckless Mr. Musk.  You are fomenting the problem.   If anything work on 2024. 2020 as far as the election is concerned is a done issue.  No way will Biden be removed before this term is up.  USA in trouble If this is going to be your approach to leadership.,NA,NA,NA,NA,NA,NA,NA,NA,NA,NA,NA,NA,NA,NA
2022-11-19T22:14:06Z,1594091674376208400,1594091674376208384,"2024 Watch: Cruz says he's running for Senate re-election but doesn't rule out presidential run
#123INFO
https://t.co/IULhibAMEh",FALSE,128,,,"<a href=""http://www.powerapps.com"" rel=""nofollow"">Microsoft Power Platform</a>",NA,NA,NA,NA,NA,,,,NA,FALSE,0,0,FALSE,FALSE,en,NA,NA,,FALSE,"2024 Watch: Cruz says he's running for Senate re-election but doesn't rule out presidential run
#123INFO
https://t.co/IULhibAMEh",NA,NA,NA,NA,NA,NA,NA,NA,NA,NA,NA,NA,NA,NA
2022-11-19T20:58:02Z,1594072531547222e3,1594072531547222016,"@JeffreyFBarken #Insider: #DonaldTrump portrayed as a ""loser"" by 2024 rivals courting his big donors at #LasVegas conference.

#BusinessInsider: #BillBarr says that Trump ""has been fading for months"" and should ""stand aside"" 

https://t.co/432BOfXNLb #quote #Trump2024 #USA #Politics #election",FALSE,293,,,"<a href=""https://mobile.twitter.com"" rel=""nofollow"">Twitter Web App</a>",1594031331633135600,1594031331633135616,58919084,58919084,ericcoliu,,,,NA,FALSE,1,0,FALSE,FALSE,en,NA,NA,,FALSE,"@JeffreyFBarken #Insider: #DonaldTrump portrayed as a ""loser"" by 2024 rivals courting his big donors at #LasVegas conference.

#BusinessInsider: #BillBarr says that Trump ""has been fading for months"" and should ""stand aside"" 

https://t.co/432BOfXNLb #quote #Trump2024 #USA #Politics #election",NA,NA,NA,NA,NA,NA,NA,NA,NA,NA,NA,NA,NA,NA
2022-11-19T20:43:36Z,1594068897795231700,1594068897795231744,"‚ÄúUSA democracy‚Äôs Dunkirk means danger to 2024 election from chicanery &amp; outright attack..is much lower now.‚Äù

But wars are not won by evacuations, as WSC said. And to USA young voters, who‚Äôve failed in their duty yet again, Dunkirk would draw blank stares. https://t.co/JsU99I1x7D",FALSE,284,,,"<a href=""http://twitter.com/#!/download/ipad"" rel=""nofollow"">Twitter for iPad</a>",NA,NA,NA,NA,NA,,,,NA,FALSE,0,0,FALSE,FALSE,en,NA,NA,,FALSE,"‚ÄúUSA democracy‚Äôs Dunkirk means danger to 2024 election from chicanery &amp; outright attack..is much lower now.‚Äù

But wars are not won by evacuations, as WSC said. And to USA young voters, who‚Äôve failed in their duty yet again, Dunkirk would draw blank stares. https://t.co/JsU99I1x7D",NA,NA,NA,NA,NA,NA,NA,NA,NA,NA,NA,NA,NA,NA
2022-11-19T20:35:21Z,1594066824261472300,1594066824261472260,@AndreaBrowniee @IranIntl_En @WSJ war could've been over in days not for billions of funding-weaponry from nato/us. Putin still can win in a push of a button. but he's looking for the long game ahead. waste usa/nato funding taking down 20k drones till 2024 election.,FALSE,266,,,"<a href=""https://mobile.twitter.com"" rel=""nofollow"">Twitter Web App</a>",1594013056316878800,1594013056316878848,1484805952314433500,1484805952314433538,AndreaBrowniee,,,,NA,FALSE,0,0,FALSE,FALSE,en,NA,NA,,NA,@AndreaBrowniee @IranIntl_En @WSJ war could've been over in days not for billions of funding-weaponry from nato/us. Putin still can win in a push of a button. but he's looking for the long game ahead. waste usa/nato funding taking down 20k drones till 2024 election.,NA,NA,NA,NA,NA,NA,NA,NA,NA,NA,NA,NA,NA,NA
2022-11-19T19:48:17Z,1594054976493719600,1594054976493719553,"Will you give your vote to Mr Donald Trump in 2024 Election, USA  #DonaldTrump2024 #USA #vote #news",FALSE,99,,,"<a href=""http://twitter.com/download/android"" rel=""nofollow"">Twitter for Android</a>",NA,NA,NA,NA,NA,,,,NA,FALSE,0,0,FALSE,FALSE,en,NA,NA,,NA,"Will you give your vote to Mr Donald Trump in 2024 Election, USA  #DonaldTrump2024 #USA #vote #news",NA,NA,NA,NA,NA,NA,NA,NA,NA,NA,NA,NA,NA,NA
2022-11-19T18:51:00Z,1594040561081716700,1594040561081716738,Biggest win of the midterms: We get to have an election in 2024 and the results won't be overturned by the Republicans. @HaroldMeyerson of @TheProspect comments on 'Living in the USA' https://t.co/dU3cGghZh9 #Midterms2022 #Election2024 https://t.co/bktcTFSpnJ,FALSE,235,,,"<a href=""https://about.twitter.com/products/tweetdeck"" rel=""nofollow"">TweetDeck</a>",NA,NA,NA,NA,NA,,,,NA,FALSE,0,2,FALSE,FALSE,en,NA,NA,,FALSE,Biggest win of the midterms: We get to have an election in 2024 and the results won't be overturned by the Republicans. @HaroldMeyerson of @TheProspect comments on 'Living in the USA' https://t.co/dU3cGghZh9 #Midterms2022 #Election2024 https://t.co/bktcTFSpnJ,NA,NA,NA,NA,NA,NA,NA,NA,NA,NA,NA,NA,NA,NA
2022-11-19T17:58:38Z,1594027385346994200,1594027385346994176,"@elonmusk Can you imagine in 30, 50, 100 years from now... the 2024 election and course of the Usa, hinged on a poll from a billionaire who randomly bought a social media company while trying to colonize Mars and provide the world with evs.",FALSE,240,,,"<a href=""http://twitter.com/download/android"" rel=""nofollow"">Twitter for Android</a>",1593767953706922e3,1593767953706921985,44196397,44196397,elonmusk,,,,NA,FALSE,0,2,FALSE,FALSE,en,NA,NA,,NA,"@elonmusk Can you imagine in 30, 50, 100 years from now... the 2024 election and course of the Usa, hinged on a poll from a billionaire who randomly bought a social media company while trying to colonize Mars and provide the world with evs.",NA,NA,NA,NA,NA,NA,NA,NA,NA,NA,NA,NA,NA,NA
2022-11-19T17:08:51Z,1594014855358316500,1594014855358316545,"Gray  Donald Trump ""Coming Soon- Trump 2024"" Hoodie Hooded Sweatshirt https://t.co/wo3c7Nwpo4 #pullover #donald #trump #hoodie #sweat #shirt #election #usa #maga https://t.co/vpvq9lb574",FALSE,161,,,"<a href=""http://www.etsy.com"" rel=""nofollow"">Etsy</a>",NA,NA,NA,NA,NA,,,,NA,FALSE,0,0,FALSE,FALSE,en,NA,NA,,FALSE,"Gray  Donald Trump ""Coming Soon- Trump 2024"" Hoodie Hooded Sweatshirt https://t.co/wo3c7Nwpo4 #pullover #donald #trump #hoodie #sweat #shirt #election #usa #maga https://t.co/vpvq9lb574",NA,NA,NA,NA,NA,NA,NA,NA,NA,NA,NA,NA,NA,NA
2022-11-19T13:28:04Z,1593959293015195600,1593959293015195649,#Biden Fetterman 2024 It's A No Brainer #Political Humor USA Election T-SHIRT https://t.co/zi0BClume8 - Buy on eBay,FALSE,115,,,"<a href=""https://dlvrit.com/"" rel=""nofollow"">dlvr.it</a>",NA,NA,NA,NA,NA,,,,NA,FALSE,0,0,FALSE,FALSE,en,NA,NA,,FALSE,#Biden Fetterman 2024 It's A No Brainer #Political Humor USA Election T-SHIRT https://t.co/zi0BClume8 - Buy on eBay,NA,NA,NA,NA,NA,NA,NA,NA,NA,NA,NA,NA,NA,NA
2022-11-19T09:28:36Z,1593899028273541e3,1593899028273541121,"üá∫üá∏#USA, 2024 presidential election poll:

‚è´Biden (D): 43 % (+4)
üîΩTrump (R): 42 % (-2)

Redfield &amp; Wilton Strategies, 17/11/22 https://t.co/L6bH3CvVNb",FALSE,129,,,"<a href=""https://mobile.twitter.com"" rel=""nofollow"">Twitter Web App</a>",NA,NA,NA,NA,NA,,,,NA,FALSE,13,143,FALSE,FALSE,en,NA,NA,,FALSE,"üá∫üá∏#USA, 2024 presidential election poll:

‚è´Biden (D): 43 % (+4)
üîΩTrump (R): 42 % (-2)

Redfield &amp; Wilton Strategies, 17/11/22 https://t.co/L6bH3CvVNb",NA,NA,NA,NA,NA,NA,NA,NA,NA,NA,NA,NA,NA,NA
2022-11-19T06:18:20Z,1593851146523021300,1593851146523021312,@elonmusk Twitter should unblock Mr.Donald Trump account. As Twitter is people‚Äôs Voice &amp; also He should won the USA President election in 2024.,FALSE,147,,,"<a href=""http://twitter.com/download/iphone"" rel=""nofollow"">Twitter for iPhone</a>",1593828258029588500,1593828258029588487,126273935,126273935,2005sethi,,,,NA,FALSE,0,0,FALSE,FALSE,en,NA,NA,,NA,@elonmusk Twitter should unblock Mr.Donald Trump account. As Twitter is people‚Äôs Voice &amp; also He should won the USA President election in 2024.,NA,NA,NA,NA,NA,NA,NA,NA,NA,NA,NA,NA,NA,NA
2022-11-19T05:57:50Z,1593845988715741200,1593845988715741184,"Pro Trump 2024 Election USA Flag Proud Anti Biden Political T-Shirt

https://t.co/U3aQfK73w7 https://t.co/G4EgO4prFw",FALSE,92,,,"<a href=""https://www.blog2social.com"" rel=""nofollow"">Blog2Social APP</a>",NA,NA,NA,NA,NA,,,,NA,FALSE,0,0,FALSE,FALSE,en,NA,NA,,FALSE,"Pro Trump 2024 Election USA Flag Proud Anti Biden Political T-Shirt

https://t.co/U3aQfK73w7 https://t.co/G4EgO4prFw",NA,NA,NA,NA,NA,NA,NA,NA,NA,NA,NA,NA,NA,NA
2022-11-19T05:53:38Z,1593844931759595500,1593844931759595520,"@elonmusk Mr. Trump should come well after the 2024 election loss, just so there‚Äôs less room for him to infiltrate further harm to the USA üá∫üá∏ later on.  It‚Äôs clear this man is not a man that can be trusted, so he should have to earn those privileges ü§î",FALSE,251,,,"<a href=""http://twitter.com/download/iphone"" rel=""nofollow"">Twitter for iPhone</a>",1593767953706922e3,1593767953706921985,44196397,44196397,elonmusk,,,,NA,FALSE,0,0,FALSE,FALSE,en,NA,NA,,NA,"@elonmusk Mr. Trump should come well after the 2024 election loss, just so there‚Äôs less room for him to infiltrate further harm to the USA üá∫üá∏ later on.  It‚Äôs clear this man is not a man that can be trusted, so he should have to earn those privileges ü§î",NA,NA,NA,NA,NA,NA,NA,NA,NA,NA,NA,NA,NA,NA
2022-11-19T02:53:43Z,1593799651949510700,1593799651949510656,"I don‚Äôt care if this tweet ages badly like milk on a hot summer day but Donald Trump will be president again in 2024, if no crooks rig the election. The left are scared of what will be exposed to the public, they cheat to make sure their opponents can‚Äôt get control! MAGA! üá∫üá∏ USA!",FALSE,280,,,"<a href=""http://twitter.com/download/iphone"" rel=""nofollow"">Twitter for iPhone</a>",NA,NA,NA,NA,NA,,,,NA,FALSE,1,1,FALSE,FALSE,en,NA,NA,,NA,"I don‚Äôt care if this tweet ages badly like milk on a hot summer day but Donald Trump will be president again in 2024, if no crooks rig the election. The left are scared of what will be exposed to the public, they cheat to make sure their opponents can‚Äôt get control! MAGA! üá∫üá∏ USA!",NA,NA,NA,NA,NA,NA,NA,NA,NA,NA,NA,NA,NA,NA
2022-11-19T02:53:09Z,1593799509598929e3,1593799509598928901,"@harryjsisson I don‚Äôt care if this tweet ages badly like milk on a hot summer day but Donald Trump will be president again in 2024, if no crooks rig the election. The left are scared of what will be exposed to the public, they cheat to make sure their opponents can‚Äôt get control! MAGA! üá∫üá∏ USA!",FALSE,294,,,"<a href=""http://twitter.com/download/iphone"" rel=""nofollow"">Twitter for iPhone</a>",1593780160070828e3,1593780160070828032,428454304,428454304,harryjsisson,,,,NA,FALSE,0,1,FALSE,FALSE,en,NA,NA,,NA,"@harryjsisson I don‚Äôt care if this tweet ages badly like milk on a hot summer day but Donald Trump will be president again in 2024, if no crooks rig the election. The left are scared of what will be exposed to the public, they cheat to make sure their opponents can‚Äôt get control! MAGA! üá∫üá∏ USA!",NA,NA,NA,NA,NA,NA,NA,NA,NA,NA,NA,NA,NA,NA
2022-11-19T02:26:36Z,1593792831088476200,1593792831088476160,"üá∫üá∏ FRAUD- USA Elections 2024. Shocking evidence of fraud in the state of Arizona, presented by voting watcher. 200 more ballots than voters came into election location. #MakeAmericaGreatAgain #USAElections2024 #Trump2024 #TRUMP2024ToSaveAmerica https://t.co/EpWthcZnL7",FALSE,244,,,"<a href=""http://twitter.com/download/iphone"" rel=""nofollow"">Twitter for iPhone</a>",NA,NA,NA,NA,NA,,,,NA,FALSE,16,18,FALSE,FALSE,en,NA,NA,,FALSE,"üá∫üá∏ FRAUD- USA Elections 2024. Shocking evidence of fraud in the state of Arizona, presented by voting watcher. 200 more ballots than voters came into election location. #MakeAmericaGreatAgain #USAElections2024 #Trump2024 #TRUMP2024ToSaveAmerica https://t.co/EpWthcZnL7",NA,NA,NA,NA,NA,NA,NA,NA,NA,NA,NA,NA,NA,NA
2022-11-19T02:05:32Z,1593787526514458600,1593787526514458626,"https://t.co/v1aEDhr47D 
About his last election but still relevant if he runs again for 2024",FALSE,93,,,"<a href=""https://mobile.twitter.com"" rel=""nofollow"">Twitter Web App</a>",NA,NA,NA,NA,NA,,,,NA,FALSE,0,0,FALSE,FALSE,en,NA,NA,,FALSE,"https://t.co/v1aEDhr47D 
About his last election but still relevant if he runs again for 2024",NA,NA,NA,NA,NA,NA,NA,NA,NA,NA,NA,NA,NA,NA
2022-11-19T00:55:33Z,1593769914283823e3,1593769914283823107,"@elonmusk Question: Why would you NOT have a former President of the USA, and a leading candidate in the 2024 USA presidential election, on Twitter? 

Honestly, if you at going to make decisions by polls then I suggest you run one on whether Joe Biden should be on Twitter",FALSE,272,,,"<a href=""http://twitter.com/download/android"" rel=""nofollow"">Twitter for Android</a>",1593767953706922e3,1593767953706921985,44196397,44196397,elonmusk,,,,NA,FALSE,3,9,FALSE,FALSE,en,NA,NA,,NA,"@elonmusk Question: Why would you NOT have a former President of the USA, and a leading candidate in the 2024 USA presidential election, on Twitter? 

Honestly, if you at going to make decisions by polls then I suggest you run one on whether Joe Biden should be on Twitter",NA,NA,NA,NA,NA,NA,NA,NA,NA,NA,NA,NA,NA,NA
